id;nom;prenom;email;grade
1;1080p Shilling Stagiaire;Belize;Pnlope_Hubert99@gmail.com;Dr
2;application deposit attitude-oriented;yellow;Cassandre.Maillard@yahoo.fr;Pr
3;up transition Optimized;Cambridgeshire;Alexine_Gautier@gmail.com;Dr
4;a Chair;pink;Dominique.Brunet71@gmail.com;Pr
5;bandwidth invoice experiences;Champagne-Ardenne Dobra unis;Athina.Meunier@yahoo.fr;Mlle
6;whiteboard;Jama√Øque;Ambroisie59@yahoo.fr;Pr
7;RAM Music metrics;Ergonomic hybrid;Anne.Perrot33@yahoo.fr;Ing
8;Profound Multi-lateral;JBOD;Toussaint_Andre@yahoo.fr;Mlle
9;hub Cap-Vert THX;Picardie;Eusbie.Vasseur69@yahoo.fr;Pr
10;challenge circuit;Ingenieur bandwidth cross-platform;Alberte_Carpentier@hotmail.fr;M
