id;matricule;nom;date_naissance;prenom;email;telephone;photo;photo_content_type
1;EXE Account;mindshare;2021-06-05;PCI Turkm√©nistan;Odilon80@gmail.com;+33 201959411;../fake-data/blob/hipster.png;image/png
2;FrozenXXXX;Steel;2021-06-06;deploy;Madeleine_Guillot@gmail.com;+33 271903750;../fake-data/blob/hipster.png;image/png
3;matrix Fresh;protocol Account;2021-06-05;Buckinghamshire Rubber Generic;Thrse.Bourgeois14@gmail.com;+33 288395430;../fake-data/blob/hipster.png;image/png
4;deposit Lice;partnerships Basse-Normandie hack;2021-06-05;Berkshire;Maud.Dufour@gmail.com;0655279407;../fake-data/blob/hipster.png;image/png
5;Customer-foc;array firewall open-source;2021-06-05;matrix optical;Ariel14@gmail.com;0737828840;../fake-data/blob/hipster.png;image/png
6;Kids Somoni ;Market hacking invoice;2021-06-06;Account digital cross-platform;Zacharie_Benoit@yahoo.fr;+33 303332751;../fake-data/blob/hipster.png;image/png
7;didactic vir;benchmark Borders Intelligent;2021-06-05;Generic a experiences;Brieuc_Dupuis@yahoo.fr;+33 506780085;../fake-data/blob/hipster.png;image/png
8;CarXXXXXXX;driver cross-platform Agent;2021-06-05;plum Technicien SQL;Aldonce28@gmail.com;0396906052;../fake-data/blob/hipster.png;image/png
9;Account Togo;system Cotton;2021-06-06;demand-driven UIC-Franc;Francine46@hotmail.fr;+33 582998287;../fake-data/blob/hipster.png;image/png
10;Metal Steel;Soft Chips;2021-06-05;distributed;Arsnie16@gmail.com;0509721906;../fake-data/blob/hipster.png;image/png
